{
  "version": "0.12.1",
  "EmberENV": {
    "FEATURES": {}
  },
  "options": {
    "use_pods": false,
    "enable-testing": false
  },
  "dependencies": {
    "jquery": "https://cdnjs.cloudflare.com/ajax/libs/jquery/1.11.3/jquery.js",
    "ember": "2.12.0",
    "ember-template-compiler": "2.12.0",
    "ember-testing": "2.12.0",
    "bs3css": "https://maxcdn.bootstrapcdn.com/bootstrap/3.3.4/css/bootstrap.min.css",
    "bs3js": "https://maxcdn.bootstrapcdn.com/bootstrap/3.3.4/js/bootstrap.min.js"
  },
  "addons": {
    "ember-data": "2.12.1",
    "ember-models-table": "2.3.0",
    "ember-cli-showdown": "4.1.0"
  }
}
